author,image,name
Disney,Sleepy.jpg,Sleepy
Disney,Happy.jpg,Happy
Disney,Dopey.jpg,Dopey
Disney,Bashful.jpg,Bashful
Disney,Sneezy.jpg,Sneezy
Disney,Doc.jpg,Doc
Disney,Grumpy.jpg,Grumpy
Tolkien,Thorin.jpg,Thorin
Tolkien,Balin.jpg,Balin
Tolkien,Dwalin.jpg,Dwalin
Tolkien,Fili.jpg,Fili
Tolkien,Kili.jpg,Kili
Tolkien,Dori.jpg,Dori
Tolkien,Oin.jpg,Oin
Tolkien,Ori.jpg,Ori
Tolkien,Gloin.jpg,Gloin
Tolkien,Bifur.jpg,Bifur
Tolkien,Bofur.jpg,Bofur
Tolkien,Bombur.jpg,Bombur
